[
    {
        "imaj":"img src='imgs/img_box_img1.png'",
        "title_json":"The secret: do good work and share it with people.",
        "content_json":"Lorem ipsum dolor sit amet consectetur adipisicing elit. Animi, non?",
        "kartal_json":"img src='imgs/mini_avatar.png'",
        "span_json":"Ying Ming",
        "second_span_json":"4 hours ago"
    },
    {
        "imaj":"img src='imgs/img_box_img3.png'",
        "title_json":"The secret: do good work and share it with people.",
        "content_json":"Lorem ipsum dolor sit amet consectetur adipisicing elit. Animi, non?",
        "kartal_json":"img src='imgs/mini_avatar.png'",
        "span_json":"Ying Ming",
        "second_span_json":"4 hours ago"
    },
    {
        "imaj":"img src='imgs/img_box_img2.png'",
        "title_json":"The secret: do good work and share it with people.",
        "content_json":"Lorem ipsum dolor sit amet consectetur adipisicing elit. Animi, non?",
        "kartal_json":"img src='imgs/mini_avatar.png'",
        "span_json":"Ying Ming",
        "second_span_json":"4 hours ago"
    },
    {
        "imaj":"img src='imgs/img_box_img4.png'",
        "title_json":"The secret: do good work and share it with people.",
        "content_json":"Lorem ipsum dolor sit amet consectetur adipisicing elit. Animi, non?",
        "kartal_json":"img src='imgs/mini_avatar.png'",
        "span_json":"Ying Ming",
        "second_span_json":"4 hours ago"
    },
    {
        "imaj":"img src='imgs/img_box_img7.png'",
        "title_json":"The secret: do good work and share it with people.",
        "content_json":"Lorem ipsum dolor sit amet consectetur adipisicing elit. Animi, non?",
        "kartal_json":"img src='imgs/mini_avatar.png'",
        "span_json":"Ying Ming",
        "second_span_json":"4 hours ago"
    },
    {
        "imaj":"img src='imgs/img_box_img6.png'",
        "title_json":"The secret: do good work and share it with people.",
        "content_json":"Lorem ipsum dolor sit amet consectetur adipisicing elit. Animi, non?",
        "kartal_json":"img src='imgs/mini_avatar.png'",
        "span_json":"Ying Ming",
        "second_span_json":"4 hours ago"
    },
    {
        "imaj":"img src='imgs/img_box_img8.png'",
        "title_json":"The secret: do good work and share it with people.",
        "content_json":"Lorem ipsum dolor sit amet consectetur adipisicing elit. Animi, non?",
        "kartal_json":"img src='imgs/mini_avatar.png'",
        "span_json":"Ying Ming",
        "second_span_json":"4 hours ago"
    },
    {
        "imaj":"img src='imgs/img_box_img5.png'",
        "title_json":"The secret: do good work and share it with people.",
        "content_json":"Lorem ipsum dolor sit amet consectetur adipisicing elit. Animi, non?",
        "kartal_json":"img src='imgs/mini_avatar.png'",
        "span_json":"Ying Ming",
        "second_span_json":"4 hours ago"
    }
]